{
  "Create Student Address" : {
    "transaction" : "Create Student Address",
    "sampleCount" : 3500,
    "errorCount" : 0,
    "errorPct" : 0.0,
    "meanResTime" : 66181.65942857142,
    "medianResTime" : 64224.0,
    "minResTime" : 220.0,
    "maxResTime" : 674252.0,
    "pct1ResTime" : 90575.3,
    "pct2ResTime" : 92340.65,
    "pct3ResTime" : 433190.43999999715,
    "throughput" : 3.8905358824124434,
    "receivedKBytesPerSec" : 1.257585329178241,
    "sentKBytesPerSec" : 3.0128856980010426
  },
  "Delete" : {
    "transaction" : "Delete",
    "sampleCount" : 3500,
    "errorCount" : 0,
    "errorPct" : 0.0,
    "meanResTime" : 299028.0451428578,
    "medianResTime" : 281592.5,
    "minResTime" : 58.0,
    "maxResTime" : 680541.0,
    "pct1ResTime" : 602674.1,
    "pct2ResTime" : 645282.5499999999,
    "pct3ResTime" : 676909.6799999999,
    "throughput" : 3.8398118272786816,
    "receivedKBytesPerSec" : 1.2524386233506637,
    "sentKBytesPerSec" : 0.9374540593942093
  },
  "Get Specific Student" : {
    "transaction" : "Get Specific Student",
    "sampleCount" : 3500,
    "errorCount" : 0,
    "errorPct" : 0.0,
    "meanResTime" : 37732.6774285715,
    "medianResTime" : 38904.0,
    "minResTime" : 215.0,
    "maxResTime" : 368448.0,
    "pct1ResTime" : 59978.2,
    "pct2ResTime" : 64492.0,
    "pct3ResTime" : 81613.66999999997,
    "throughput" : 6.331609929411595,
    "receivedKBytesPerSec" : 2.615499023575297,
    "sentKBytesPerSec" : 1.0140469027573256
  },
  "Debug Sampler" : {
    "transaction" : "Debug Sampler",
    "sampleCount" : 3500,
    "errorCount" : 0,
    "errorPct" : 0.0,
    "meanResTime" : 0.24857142857142916,
    "medianResTime" : 0.0,
    "minResTime" : 0.0,
    "maxResTime" : 13.0,
    "pct1ResTime" : 0.0,
    "pct2ResTime" : 0.0,
    "pct3ResTime" : 11.0,
    "throughput" : 18.98614011771407,
    "receivedKBytesPerSec" : 5.498161565271637,
    "sentKBytesPerSec" : 0.0
  },
  "Create" : {
    "transaction" : "Create",
    "sampleCount" : 3500,
    "errorCount" : 0,
    "errorPct" : 0.0,
    "meanResTime" : 5734.601428571422,
    "medianResTime" : 5911.5,
    "minResTime" : 780.0,
    "maxResTime" : 77883.0,
    "pct1ResTime" : 7830.700000000001,
    "pct2ResTime" : 7987.0,
    "pct3ResTime" : 14270.839999999953,
    "throughput" : 44.79541294971395,
    "receivedKBytesPerSec" : 20.997849820178416,
    "sentKBytesPerSec" : 14.52351279229007
  },
  "Total" : {
    "transaction" : "Total",
    "sampleCount" : 28000,
    "errorCount" : 10,
    "errorPct" : 0.035714287,
    "meanResTime" : 96833.7193214288,
    "medianResTime" : 63850.0,
    "minResTime" : 0.0,
    "maxResTime" : 689056.0,
    "pct1ResTime" : 449026.8000000005,
    "pct2ResTime" : 565465.6,
    "pct3ResTime" : 667891.4900000009,
    "throughput" : 30.26153531899441,
    "receivedKBytesPerSec" : 55.259171980898486,
    "sentKBytesPerSec" : 8.16586506246305
  },
  "Get Student" : {
    "transaction" : "Get Student",
    "sampleCount" : 3500,
    "errorCount" : 10,
    "errorPct" : 0.2857143,
    "meanResTime" : 7615.413428571425,
    "medianResTime" : 6565.0,
    "minResTime" : 624.0,
    "maxResTime" : 65252.0,
    "pct1ResTime" : 10596.0,
    "pct2ResTime" : 11343.9,
    "pct3ResTime" : 64571.899999999994,
    "throughput" : 30.845700990587655,
    "receivedKBytesPerSec" : 360.2226371091409,
    "sentKBytesPerSec" : 4.685723618112595
  },
  "Get Final Student " : {
    "transaction" : "Get Final Student ",
    "sampleCount" : 3500,
    "errorCount" : 0,
    "errorPct" : 0.0,
    "meanResTime" : 309043.07028571423,
    "medianResTime" : 301838.5,
    "minResTime" : 2673.0,
    "maxResTime" : 689056.0,
    "pct1ResTime" : 610863.5,
    "pct2ResTime" : 650150.2999999999,
    "pct3ResTime" : 683570.84,
    "throughput" : 3.8288524819715746,
    "receivedKBytesPerSec" : 2.9987692290441434,
    "sentKBytesPerSec" : 0.6281711103234615
  },
  "Put" : {
    "transaction" : "Put",
    "sampleCount" : 3500,
    "errorCount" : 0,
    "errorPct" : 0.0,
    "meanResTime" : 49334.03885714293,
    "medianResTime" : 64421.5,
    "minResTime" : 231.0,
    "maxResTime" : 75725.0,
    "pct1ResTime" : 64986.9,
    "pct2ResTime" : 65185.0,
    "pct3ResTime" : 65262.99,
    "throughput" : 18.716377364947967,
    "receivedKBytesPerSec" : 6.1047558983326375,
    "sentKBytesPerSec" : 6.360643870119036
  }
}