{
  "Create Student Address" : {
    "transaction" : "Create Student Address",
    "sampleCount" : 2500,
    "errorCount" : 0,
    "errorPct" : 0.0,
    "meanResTime" : 59937.10919999998,
    "medianResTime" : 11161.0,
    "minResTime" : 1546.0,
    "maxResTime" : 489470.0,
    "pct1ResTime" : 255167.9,
    "pct2ResTime" : 375149.19999999955,
    "pct3ResTime" : 472773.85,
    "throughput" : 3.7209634616271923,
    "receivedKBytesPerSec" : 1.2027723689439458,
    "sentKBytesPerSec" : 2.881566430732777
  },
  "Delete" : {
    "transaction" : "Delete",
    "sampleCount" : 2500,
    "errorCount" : 0,
    "errorPct" : 0.0,
    "meanResTime" : 273364.56600000034,
    "medianResTime" : 293487.0,
    "minResTime" : 62.0,
    "maxResTime" : 490130.0,
    "pct1ResTime" : 455885.5,
    "pct2ResTime" : 474200.8,
    "pct3ResTime" : 486740.95,
    "throughput" : 3.7113573472999133,
    "receivedKBytesPerSec" : 1.210540384763839,
    "sentKBytesPerSec" : 0.906093102368143
  },
  "Get Specific Student" : {
    "transaction" : "Get Specific Student",
    "sampleCount" : 2500,
    "errorCount" : 0,
    "errorPct" : 0.0,
    "meanResTime" : 6458.390800000002,
    "medianResTime" : 2056.0,
    "minResTime" : 1522.0,
    "maxResTime" : 485451.0,
    "pct1ResTime" : 10277.9,
    "pct2ResTime" : 14938.049999999992,
    "pct3ResTime" : 78671.04999999727,
    "throughput" : 4.467620473853698,
    "receivedKBytesPerSec" : 1.8455111918360492,
    "sentKBytesPerSec" : 0.7155173415156313
  },
  "Debug Sampler" : {
    "transaction" : "Debug Sampler",
    "sampleCount" : 2500,
    "errorCount" : 0,
    "errorPct" : 0.0,
    "meanResTime" : 0.022800000000000036,
    "medianResTime" : 0.0,
    "minResTime" : 0.0,
    "maxResTime" : 2.0,
    "pct1ResTime" : 0.0,
    "pct2ResTime" : 0.0,
    "pct3ResTime" : 1.0,
    "throughput" : 16.938472691794328,
    "receivedKBytesPerSec" : 4.903357014729696,
    "sentKBytesPerSec" : 0.0
  },
  "Create" : {
    "transaction" : "Create",
    "sampleCount" : 2500,
    "errorCount" : 0,
    "errorPct" : 0.0,
    "meanResTime" : 5926.339600000002,
    "medianResTime" : 6031.5,
    "minResTime" : 1061.0,
    "maxResTime" : 9202.0,
    "pct1ResTime" : 7332.0,
    "pct2ResTime" : 7542.9,
    "pct3ResTime" : 7789.919999999998,
    "throughput" : 264.97085320614735,
    "receivedKBytesPerSec" : 124.20508744038155,
    "sentKBytesPerSec" : 85.90851881293057
  },
  "Total" : {
    "transaction" : "Total",
    "sampleCount" : 20000,
    "errorCount" : 0,
    "errorPct" : 0.0,
    "meanResTime" : 77001.30289999978,
    "medianResTime" : 4353.0,
    "minResTime" : 0.0,
    "maxResTime" : 496190.0,
    "pct1ResTime" : 332690.7,
    "pct2ResTime" : 417098.60000000003,
    "pct3ResTime" : 479744.67000000004,
    "throughput" : 28.96972084776991,
    "receivedKBytesPerSec" : 53.018365965611494,
    "sentKBytesPerSec" : 7.818854100881259
  },
  "Get Student" : {
    "transaction" : "Get Student",
    "sampleCount" : 2500,
    "errorCount" : 0,
    "errorPct" : 0.0,
    "meanResTime" : 3469.1295999999966,
    "medianResTime" : 3370.0,
    "minResTime" : 2499.0,
    "maxResTime" : 11320.0,
    "pct1ResTime" : 4611.700000000001,
    "pct2ResTime" : 4899.749999999999,
    "pct3ResTime" : 5624.879999999997,
    "throughput" : 155.92839767978543,
    "receivedKBytesPerSec" : 1826.0677197031123,
    "sentKBytesPerSec" : 23.75471683402981
  },
  "Get Final Student " : {
    "transaction" : "Get Final Student ",
    "sampleCount" : 2500,
    "errorCount" : 0,
    "errorPct" : 0.0,
    "meanResTime" : 264089.3392000002,
    "medianResTime" : 266415.5,
    "minResTime" : 3544.0,
    "maxResTime" : 496190.0,
    "pct1ResTime" : 457383.3,
    "pct2ResTime" : 478223.3499999999,
    "pct3ResTime" : 491781.87,
    "throughput" : 3.6922059010311594,
    "receivedKBytesPerSec" : 2.8917471998310447,
    "sentKBytesPerSec" : 0.6057525306379246
  },
  "Put" : {
    "transaction" : "Put",
    "sampleCount" : 2500,
    "errorCount" : 0,
    "errorPct" : 0.0,
    "meanResTime" : 2765.5260000000035,
    "medianResTime" : 2524.5,
    "minResTime" : 1531.0,
    "maxResTime" : 136816.0,
    "pct1ResTime" : 3389.0,
    "pct2ResTime" : 3482.95,
    "pct3ResTime" : 3722.8899999999976,
    "throughput" : 16.639045850554748,
    "receivedKBytesPerSec" : 5.427188783286411,
    "sentKBytesPerSec" : 5.654675738274465
  }
}