{
  "Create Student Address" : {
    "transaction" : "Create Student Address",
    "sampleCount" : 3800,
    "errorCount" : 90,
    "errorPct" : 2.368421,
    "meanResTime" : 83514.89999999983,
    "medianResTime" : 95872.5,
    "minResTime" : 70.0,
    "maxResTime" : 448392.0,
    "pct1ResTime" : 136095.6,
    "pct2ResTime" : 167839.44999999998,
    "pct3ResTime" : 174715.02999999997,
    "throughput" : 4.332424664265591,
    "receivedKBytesPerSec" : 1.4100020365246202,
    "sentKBytesPerSec" : 3.3544592923810894
  },
  "Delete" : {
    "transaction" : "Delete",
    "sampleCount" : 3800,
    "errorCount" : 81,
    "errorPct" : 2.131579,
    "meanResTime" : 195347.51763157896,
    "medianResTime" : 161600.5,
    "minResTime" : 55.0,
    "maxResTime" : 464445.0,
    "pct1ResTime" : 390440.8,
    "pct2ResTime" : 427811.85,
    "pct3ResTime" : 449651.44,
    "throughput" : 4.304485727231536,
    "receivedKBytesPerSec" : 1.4095575689567286,
    "sentKBytesPerSec" : 1.0502726144794972
  },
  "Get Specific Student" : {
    "transaction" : "Get Specific Student",
    "sampleCount" : 3800,
    "errorCount" : 3,
    "errorPct" : 0.078947365,
    "meanResTime" : 82601.03289473688,
    "medianResTime" : 111174.0,
    "minResTime" : 72.0,
    "maxResTime" : 459152.0,
    "pct1ResTime" : 165932.5,
    "pct2ResTime" : 168270.4,
    "pct3ResTime" : 174826.91,
    "throughput" : 4.429596230646744,
    "receivedKBytesPerSec" : 2.853918090791569,
    "sentKBytesPerSec" : 0.7087820697667235
  },
  "Debug Sampler" : {
    "transaction" : "Debug Sampler",
    "sampleCount" : 3800,
    "errorCount" : 0,
    "errorPct" : 0.0,
    "meanResTime" : 0.045789473684210595,
    "medianResTime" : 0.0,
    "minResTime" : 0.0,
    "maxResTime" : 22.0,
    "pct1ResTime" : 0.0,
    "pct2ResTime" : 0.0,
    "pct3ResTime" : 1.0,
    "throughput" : 9.530569301033063,
    "receivedKBytesPerSec" : 2.7618052677400264,
    "sentKBytesPerSec" : 0.0
  },
  "Create" : {
    "transaction" : "Create",
    "sampleCount" : 3800,
    "errorCount" : 81,
    "errorPct" : 2.131579,
    "meanResTime" : 6892.39052631579,
    "medianResTime" : 7223.0,
    "minResTime" : 614.0,
    "maxResTime" : 184439.0,
    "pct1ResTime" : 10100.0,
    "pct2ResTime" : 10285.0,
    "pct3ResTime" : 10685.859999999997,
    "throughput" : 19.669653348240857,
    "receivedKBytesPerSec" : 9.233661772869855,
    "sentKBytesPerSec" : 6.377270421499967
  },
  "Total" : {
    "transaction" : "Total",
    "sampleCount" : 30400,
    "errorCount" : 1220,
    "errorPct" : 4.013158,
    "meanResTime" : 81519.89875000005,
    "medianResTime" : 111400.0,
    "minResTime" : 0.0,
    "maxResTime" : 480390.0,
    "pct1ResTime" : 270346.7,
    "pct2ResTime" : 362977.6000000003,
    "pct3ResTime" : 448995.73000000004,
    "throughput" : 33.79677907801498,
    "receivedKBytesPerSec" : 53.520432173185704,
    "sentKBytesPerSec" : 9.102923855662183
  },
  "Get Student" : {
    "transaction" : "Get Student",
    "sampleCount" : 3800,
    "errorCount" : 753,
    "errorPct" : 19.81579,
    "meanResTime" : 6531.49842105263,
    "medianResTime" : 5418.5,
    "minResTime" : 117.0,
    "maxResTime" : 170735.0,
    "pct1ResTime" : 10451.7,
    "pct2ResTime" : 11468.599999999999,
    "pct3ResTime" : 22766.109999999957,
    "throughput" : 12.853861739804012,
    "receivedKBytesPerSec" : 121.97988753822334,
    "sentKBytesPerSec" : 1.9515063753462933
  },
  "Get Final Student " : {
    "transaction" : "Get Final Student ",
    "sampleCount" : 3800,
    "errorCount" : 91,
    "errorPct" : 2.3947368,
    "meanResTime" : 202069.5705263157,
    "medianResTime" : 172784.5,
    "minResTime" : 76.0,
    "maxResTime" : 480390.0,
    "pct1ResTime" : 384380.2,
    "pct2ResTime" : 439792.8499999998,
    "pct3ResTime" : 467481.30999999994,
    "throughput" : 4.303608235747129,
    "receivedKBytesPerSec" : 3.329356138092029,
    "sentKBytesPerSec" : 0.7054336327691454
  },
  "Put" : {
    "transaction" : "Put",
    "sampleCount" : 3800,
    "errorCount" : 121,
    "errorPct" : 3.1842105,
    "meanResTime" : 75202.2342105264,
    "medianResTime" : 37992.5,
    "minResTime" : 69.0,
    "maxResTime" : 178483.0,
    "pct1ResTime" : 170390.0,
    "pct2ResTime" : 170659.9,
    "pct3ResTime" : 170824.0,
    "throughput" : 9.450079952650125,
    "receivedKBytesPerSec" : 3.297874388697953,
    "sentKBytesPerSec" : 3.1800616757602964
  }
}