{
  "Create Student Address" : {
    "transaction" : "Create Student Address",
    "sampleCount" : 3000,
    "errorCount" : 1,
    "errorPct" : 0.033333335,
    "meanResTime" : 90655.22566666659,
    "medianResTime" : 24900.5,
    "minResTime" : 1682.0,
    "maxResTime" : 387546.0,
    "pct1ResTime" : 300900.9,
    "pct2ResTime" : 333799.6,
    "pct3ResTime" : 362477.32,
    "throughput" : 4.16382138871771,
    "receivedKBytesPerSec" : 1.3460392993607146,
    "sentKBytesPerSec" : 3.224512349287015
  },
  "Delete" : {
    "transaction" : "Delete",
    "sampleCount" : 3000,
    "errorCount" : 1,
    "errorPct" : 0.033333335,
    "meanResTime" : 243520.5209999994,
    "medianResTime" : 275584.5,
    "minResTime" : 61.0,
    "maxResTime" : 388063.0,
    "pct1ResTime" : 372435.20000000007,
    "pct2ResTime" : 380836.44999999995,
    "pct3ResTime" : 386913.29,
    "throughput" : 4.193212028368476,
    "receivedKBytesPerSec" : 1.367792458193676,
    "sentKBytesPerSec" : 1.023723850518281
  },
  "Get Specific Student" : {
    "transaction" : "Get Specific Student",
    "sampleCount" : 3000,
    "errorCount" : 0,
    "errorPct" : 0.0,
    "meanResTime" : 19836.453,
    "medianResTime" : 1995.0,
    "minResTime" : 1679.0,
    "maxResTime" : 387413.0,
    "pct1ResTime" : 5301.300000000001,
    "pct2ResTime" : 127745.54999999986,
    "pct3ResTime" : 340802.93,
    "throughput" : 4.287374111977638,
    "receivedKBytesPerSec" : 1.7862174699955267,
    "sentKBytesPerSec" : 0.6866399907142622
  },
  "Debug Sampler" : {
    "transaction" : "Debug Sampler",
    "sampleCount" : 3000,
    "errorCount" : 0,
    "errorPct" : 0.0,
    "meanResTime" : 0.036000000000000046,
    "medianResTime" : 0.0,
    "minResTime" : 0.0,
    "maxResTime" : 3.0,
    "pct1ResTime" : 0.0,
    "pct2ResTime" : 0.0,
    "pct3ResTime" : 1.0,
    "throughput" : 4.679639667745584,
    "receivedKBytesPerSec" : 1.3550192182076979,
    "sentKBytesPerSec" : 0.0
  },
  "Create" : {
    "transaction" : "Create",
    "sampleCount" : 3000,
    "errorCount" : 1,
    "errorPct" : 0.033333335,
    "meanResTime" : 5796.693000000011,
    "medianResTime" : 5751.5,
    "minResTime" : 887.0,
    "maxResTime" : 21026.0,
    "pct1ResTime" : 7558.0,
    "pct2ResTime" : 7753.9,
    "pct3ResTime" : 8276.909999999998,
    "throughput" : 114.29006819307402,
    "receivedKBytesPerSec" : 53.65874057106938,
    "sentKBytesPerSec" : 37.04263138595756
  },
  "Total" : {
    "transaction" : "Total",
    "sampleCount" : 24000,
    "errorCount" : 5,
    "errorPct" : 0.020833334,
    "meanResTime" : 76589.22449999998,
    "medianResTime" : 2247.0,
    "minResTime" : 0.0,
    "maxResTime" : 390148.0,
    "pct1ResTime" : 335259.30000000005,
    "pct2ResTime" : 358764.80000000005,
    "pct3ResTime" : 385054.5400000001,
    "throughput" : 32.78858738568396,
    "receivedKBytesPerSec" : 60.023344951223564,
    "sentKBytesPerSec" : 8.849057503155901
  },
  "Get Student" : {
    "transaction" : "Get Student",
    "sampleCount" : 3000,
    "errorCount" : 0,
    "errorPct" : 0.0,
    "meanResTime" : 2439.355666666671,
    "medianResTime" : 2337.0,
    "minResTime" : 1497.0,
    "maxResTime" : 336367.0,
    "pct1ResTime" : 2631.8,
    "pct2ResTime" : 2891.8999999999996,
    "pct3ResTime" : 3389.9399999999987,
    "throughput" : 8.397175190265994,
    "receivedKBytesPerSec" : 98.33534967586904,
    "sentKBytesPerSec" : 1.2792571578920853
  },
  "Get Final Student " : {
    "transaction" : "Get Final Student ",
    "sampleCount" : 3000,
    "errorCount" : 1,
    "errorPct" : 0.033333335,
    "meanResTime" : 246473.67033333375,
    "medianResTime" : 288700.5,
    "minResTime" : 184.0,
    "maxResTime" : 390148.0,
    "pct1ResTime" : 371924.0,
    "pct2ResTime" : 382769.0,
    "pct3ResTime" : 388816.26,
    "throughput" : 4.173071171728834,
    "receivedKBytesPerSec" : 3.2678488991786008,
    "sentKBytesPerSec" : 0.6846349801605242
  },
  "Put" : {
    "transaction" : "Put",
    "sampleCount" : 3000,
    "errorCount" : 1,
    "errorPct" : 0.033333335,
    "meanResTime" : 3991.841333333334,
    "medianResTime" : 2185.0,
    "minResTime" : 1698.0,
    "maxResTime" : 287542.0,
    "pct1ResTime" : 2337.9,
    "pct2ResTime" : 2393.0,
    "pct3ResTime" : 57008.59999999794,
    "throughput" : 4.663388822478778,
    "receivedKBytesPerSec" : 1.5211558398646685,
    "sentKBytesPerSec" : 1.584802292716253
  }
}